,Link,City
598,https://www.kaggle.com/philipwahrlich,Adelaide
849,https://www.kaggle.com/srrobert50,Alexandria
305,https://www.kaggle.com/brandao,Alfenas
144,https://www.kaggle.com/erkowa,Almaty
29,https://www.kaggle.com/qwang88,Amsterdam
349,https://www.kaggle.com/indradenbakker,Amsterdam
466,https://www.kaggle.com/julesvanligtenberg,Amsterdam
503,https://www.kaggle.com/yajiesun,Amsterdam
731,https://www.kaggle.com/divrikwicky,Amsterdam
770,https://www.kaggle.com/poiss0nriot,Amsterdam
953,https://www.kaggle.com/satendrakumar,Amsterdam
470,https://www.kaggle.com/ramarlina,Antananarivo
112,https://www.kaggle.com/gphilippis,Athens
125,https://www.kaggle.com/ouranos,Athens
293,https://www.kaggle.com/georgem,Athens
366,https://www.kaggle.com/neongen,Athens
488,https://www.kaggle.com/dimitrislev,Athens
599,https://www.kaggle.com/roshankr,Atlanta
829,https://www.kaggle.com/radnado,Auckland
481,https://www.kaggle.com/jfkingiii,Avon
351,https://www.kaggle.com/mpekala,Baltimore
263,https://www.kaggle.com/sadz2201,Bangalore
317,https://www.kaggle.com/invinciblejha,Bangalore
423,https://www.kaggle.com/sonnylaskar,Bangalore
643,https://www.kaggle.com/santanuds,Bangalore
654,https://www.kaggle.com/anilkumar469,bangalore
756,https://www.kaggle.com/niranjanmaisnam,BANGALORE
780,https://www.kaggle.com/manoharswamynathan,Bangalore
933,https://www.kaggle.com/tomtillo,Bangalore
582,https://www.kaggle.com/pichai,Bangkok
122,https://www.kaggle.com/vicensgaitan,Barcelona
207,https://www.kaggle.com/manels,Barcelona
401,https://www.kaggle.com/mihaskalic,Barcelona
773,https://www.kaggle.com/joostgp,Bay Area
262,https://www.kaggle.com/interesting,Be\u0027er Sheva
5,https://www.kaggle.com/pengyan,Beijing
13,https://www.kaggle.com/liaofz,Beijing
336,https://www.kaggle.com/gzsiceberg,Beijing
385,https://www.kaggle.com/zeliek,Beijing
483,https://www.kaggle.com/lystdo,Beijing
616,https://www.kaggle.com/liangpang,Beijing
660,https://www.kaggle.com/shenwenlong,Beijing
695,https://www.kaggle.com/zhewang,Beijing
799,https://www.kaggle.com/runningwolf,Beijing
893,https://www.kaggle.com/yangyanzhan,BeiJing
905,https://www.kaggle.com/hustmonk,Beijing
929,https://www.kaggle.com/markai,Beijing
208,https://www.kaggle.com/damonchen,BeJing
89,https://www.kaggle.com/jturkewitz,Bellevue
544,https://www.kaggle.com/spimenov,Bellevue
83,https://www.kaggle.com/leustagos,Belo Horizonte
602,https://www.kaggle.com/rkirana,Bengalooru
30,https://www.kaggle.com/bishwarup,Bengaluru
173,https://www.kaggle.com/rohanrao,Bengaluru
337,https://www.kaggle.com/chetan0403,Bengaluru
480,https://www.kaggle.com/yashwanthreddy,Bengaluru
631,https://www.kaggle.com/anubhav3377,Bengaluru
766,https://www.kaggle.com/phanisrikanth,Bengaluru
815,https://www.kaggle.com/chandanpanda2006,Bengaluru
902,https://www.kaggle.com/tour1st,Bengaluru
942,https://www.kaggle.com/vinodmk,Bengaluru
150,https://www.kaggle.com/voltaire,Berlin
558,https://www.kaggle.com/cdjbee,Berlin
720,https://www.kaggle.com/nukappa,Berlin
721,https://www.kaggle.com/sterby,Berlin
904,https://www.kaggle.com/dieselboy,Berlin
178,https://www.kaggle.com/rhgrossm,Birmingham
402,https://www.kaggle.com/agrigorev,Birobidzhan
716,https://www.kaggle.com/panjtan,Bishkek
302,https://www.kaggle.com/thawatt,Boise
56,https://www.kaggle.com/ccccat,Boston
147,https://www.kaggle.com/zachmayer,Boston
220,https://www.kaggle.com/shujian,Boston
221,https://www.kaggle.com/randxie,Boston
348,https://www.kaggle.com/shvetsiya,Boston
360,https://www.kaggle.com/gkucsko,Boston
465,https://www.kaggle.com/ryanzhang,Boston
549,https://www.kaggle.com/huibers,Boston
612,https://www.kaggle.com/aharless,Boston
617,https://www.kaggle.com/bluearrow,Boston
719,https://www.kaggle.com/greenmtn,Boston
839,https://www.kaggle.com/tomers1984,Boston
84,https://www.kaggle.com/mindcool,BrasÃ­lia
149,https://www.kaggle.com/vtomecek,Bratislava
397,https://www.kaggle.com/dmytropoplavskiy,Brisbane
650,https://www.kaggle.com/yifanxie,Bristol
154,https://www.kaggle.com/sekrier,Brussels
65,https://www.kaggle.com/cubbus,Bucharest
34,https://www.kaggle.com/gaborfodor,Budapest
768,https://www.kaggle.com/iamivo,Budapest
421,https://www.kaggle.com/nickel,Buenos Aires
944,https://www.kaggle.com/cjansen,Buenos Aires
782,https://www.kaggle.com/adamhusein,Burbank
609,https://www.kaggle.com/chriscc,Calgary
35,https://www.kaggle.com/seanjv,Cambridge
175,https://www.kaggle.com/chechir,Cambridge
314,https://www.kaggle.com/cactusplants,Cambridge
663,https://www.kaggle.com/tommontroy,Cambridge
746,https://www.kaggle.com/bangnk,Can Tho
320,https://www.kaggle.com/johnseamons,Canberra
472,https://www.kaggle.com/luciferase,Cape Town
495,https://www.kaggle.com/kga1a2y3,Changsha
619,https://www.kaggle.com/bradleymitchell,Charleston
38,https://www.kaggle.com/sushize,Charlottesville
686,https://www.kaggle.com/misfyre,Charlottesville
438,https://www.kaggle.com/trottefox,Chatou
62,https://www.kaggle.com/u1234x1234,Chelyabinsk
118,https://www.kaggle.com/ekydna,Chelyabinsk
45,https://www.kaggle.com/sudalairajkumar,Chennai
311,https://www.kaggle.com/mathusuthan,Chennai
528,https://www.kaggle.com/amandavinci,Chennai
749,https://www.kaggle.com/sujeeth,Chennai
198,https://www.kaggle.com/scirpus,Cheshire
31,https://www.kaggle.com/ashhafez,Chicago
464,https://www.kaggle.com/hallayang,Chicago
493,https://www.kaggle.com/xpeuler,Chicago
572,https://www.kaggle.com/scharf,Chicago
607,https://www.kaggle.com/someperson53,Chicago
873,https://www.kaggle.com/michaelxiao,Chicago
972,https://www.kaggle.com/ask788,Chicago
925,https://www.kaggle.com/resolut,Chicago Loop
478,https://www.kaggle.com/sfx7rail,Chongqing
702,https://www.kaggle.com/vzsolt,Cluj-Napoca
529,https://www.kaggle.com/akilaw,Colombo
753,https://www.kaggle.com/frederik,Copenhagen
212,https://www.kaggle.com/andtem2000,Cork
926,https://www.kaggle.com/manueldiaz,CoruÃ±a
983,https://www.kaggle.com/avishek,Coventry
352,https://www.kaggle.com/lscoelho,Curitiba
339,https://www.kaggle.com/mohitmohan,Dallas
76,https://www.kaggle.com/jpmiller,Dallas - Fort Worth
763,https://www.kaggle.com/cjturner,Davis
910,https://www.kaggle.com/gaurav2555,Delhi
329,https://www.kaggle.com/dynamic24,Denver
946,https://www.kaggle.com/chalfacre,Denver
4,https://www.kaggle.com/mmueller,Deutschland
744,https://www.kaggle.com/melisgl,DiÃ³sd
74,https://www.kaggle.com/darraghdog,Dublin
853,https://www.kaggle.com/liwzhi,Dublin
723,https://www.kaggle.com/chrisslz,DÃ¼sseldorf
215,https://www.kaggle.com/cttsai,East Elmhurst
751,https://www.kaggle.com/scottclowe,Edinburgh
760,https://www.kaggle.com/ggngdb,Edinburgh
885,https://www.kaggle.com/binghsu,Edmonton
371,https://www.kaggle.com/alexs00,Espoo
414,https://www.kaggle.com/oseiskar,Espoo
455,https://www.kaggle.com/alanbutton,Florida
298,https://www.kaggle.com/selimsef,Frankfurt
443,https://www.kaggle.com/lihaorocky,Frankfurt
428,https://www.kaggle.com/nurlan,Frankfurt am Main
578,https://www.kaggle.com/praznik,Frankfurt am Main
66,https://www.kaggle.com/mchahhou,FÃ¨s
237,https://www.kaggle.com/ginoainsley,Gatineau
230,https://www.kaggle.com/allmendinger,Germany
916,https://www.kaggle.com/rudikruger,Germiston
477,https://www.kaggle.com/golondrina,Ghen
78,https://www.kaggle.com/tvdwiele,Ghent
588,https://www.kaggle.com/jburms,Ghent
391,https://www.kaggle.com/ymcdull,Glasgow
71,https://www.kaggle.com/gertjac,Goes
193,https://www.kaggle.com/happycube,Goleta
7,https://www.kaggle.com/mjahrer,Graz
647,https://www.kaggle.com/bcragin,Greater Boston Area
960,https://www.kaggle.com/clarkchong,Greensboro
127,https://www.kaggle.com/alexandrebarachant,Grenoble
241,https://www.kaggle.com/poteman,Guangzhou China
113,https://www.kaggle.com/anokas,Guildford
353,https://www.kaggle.com/sourabhjha,Gurgaon
270,https://www.kaggle.com/divyanshusuri,Gurugram
767,https://www.kaggle.com/yadavsarthak,Gurugram
850,https://www.kaggle.com/siddharthvashishth,Gurugram
865,https://www.kaggle.com/sciense,Gurugram
563,https://www.kaggle.com/gtakacs,Gyor
146,https://www.kaggle.com/konradb,Haarlem
114,https://www.kaggle.com/joseffeigl,Hamburg
435,https://www.kaggle.com/crailtap,Heidelberg
254,https://www.kaggle.com/allexius,Heilbronn
124,https://www.kaggle.com/herrahuu,Helsinki
895,https://www.kaggle.com/jzaratie,Helsinki
789,https://www.kaggle.com/johnsonav,Hendersonville
831,https://www.kaggle.com/wmestrom,Hilversum
498,https://www.kaggle.com/golubev,Ho Chi Minh City
955,https://www.kaggle.com/quyntk,Ho Chi Minh City
126,https://www.kaggle.com/juliandewit,Hoek van Holland
264,https://www.kaggle.com/achm6174,Hong Kong
948,https://www.kaggle.com/scottykwok,Hong Kong
282,https://www.kaggle.com/mmotoki,Honolulu
508,https://www.kaggle.com/edwingraham,Horsham
949,https://www.kaggle.com/terje62,Horten
658,https://www.kaggle.com/jianil726,Houston
980,https://www.kaggle.com/alexlu,Houston
70,https://www.kaggle.com/thakurrajanand,Hyderabad
930,https://www.kaggle.com/menphim,Ikoma
80,https://www.kaggle.com/breakfastpirate,Indianapolis
123,https://www.kaggle.com/davutpolat,Istanbul
136,https://www.kaggle.com/barisumog,Istanbul
676,https://www.kaggle.com/busterbluth,Johannesburg
691,https://www.kaggle.com/tyronecragg,Johannesburg
808,https://www.kaggle.com/adhirb,Johannesburg
63,https://www.kaggle.com/owenzhang1,Jupiter
892,https://www.kaggle.com/noonv13,Kaliningrad
796,https://www.kaggle.com/learnmower,Kapolei
100,https://www.kaggle.com/alxatad,Karlsruhe
913,https://www.kaggle.com/timjoseph,Karlsruhe
140,https://www.kaggle.com/wowfattie,Kearny
115,https://www.kaggle.com/dmytrolystopad,Kharkiv
340,https://www.kaggle.com/cherednychenko,Kiev
532,https://www.kaggle.com/somesnm,Koblenz
527,https://www.kaggle.com/subho406,Kolkata
803,https://www.kaggle.com/dakindia,Kolkata
277,https://www.kaggle.com/romualdj,KrakÃ³w
211,https://www.kaggle.com/opanichev,Kyiv
253,https://www.kaggle.com/bohdan,Kyiv
266,https://www.kaggle.com/anmiko,Kyiv
418,https://www.kaggle.com/kulishyurii,Kyiv
966,https://www.kaggle.com/buinyi,Kyiv
233,https://www.kaggle.com/takagiwa,Kyoto
629,https://www.kaggle.com/gullu39,Lafayette
500,https://www.kaggle.com/pierretisseur,Le Puy
644,https://www.kaggle.com/mrooijer,Leiderdorp
797,https://www.kaggle.com/ampires,Lisboa
248,https://www.kaggle.com/orchid,Livingston
471,https://www.kaggle.com/vykhand,Ljubljana
96,https://www.kaggle.com/abdulwahabkabani,London
108,https://www.kaggle.com/fakeplastictrees,London
119,https://www.kaggle.com/efimov,London
121,https://www.kaggle.com/x75a40890,London
292,https://www.kaggle.com/jamesdlawrence,London
294,https://www.kaggle.com/cwaring,London
328,https://www.kaggle.com/garethjns,London
350,https://www.kaggle.com/aaronsim,London
407,https://www.kaggle.com/andrem,London
538,https://www.kaggle.com/mrbeer,London
552,https://www.kaggle.com/rafaljankowski,London
627,https://www.kaggle.com/craigglastonbury,London
779,https://www.kaggle.com/sedielem,London
795,https://www.kaggle.com/datahobbit,London
827,https://www.kaggle.com/alzmcr,London
921,https://www.kaggle.com/carrdelling,London
941,https://www.kaggle.com/jofaichow,London
60,https://www.kaggle.com/carloshuertas,Los Angeles
109,https://www.kaggle.com/jeongyoonlee,Los Angeles
275,https://www.kaggle.com/gospursgo,Los Angeles
367,https://www.kaggle.com/bensolucky,Los Angeles
539,https://www.kaggle.com/scottdobson,Los Angeles
603,https://www.kaggle.com/jaybob20,Los Angeles
632,https://www.kaggle.com/lebroschar,Los Angeles
810,https://www.kaggle.com/x2x4x8,Los Angeles
870,https://www.kaggle.com/malzantot,Los Angeles
897,https://www.kaggle.com/stevenxtw,Los Angeles
898,https://www.kaggle.com/michaelsky,Los Angeles
662,https://www.kaggle.com/johncandido,Los Angeles (via Long Islan
286,https://www.kaggle.com/chipmonkey,Louisville
862,https://www.kaggle.com/romaniukm,Lublin
92,https://www.kaggle.com/liderchang,Ludlow
285,https://www.kaggle.com/bpavlyshenko,Lviv
545,https://www.kaggle.com/psardin,Lyon
711,https://www.kaggle.com/bibimounemohamed,Lyon
363,https://www.kaggle.com/santiagomota,Madrid
546,https://www.kaggle.com/robertod,Madrid
793,https://www.kaggle.com/joseleiva,Madrid
33,https://www.kaggle.com/sangxia,MalmÃ¶
866,https://www.kaggle.com/aerohack,Mangalore
637,https://www.kaggle.com/henshinger,Manila
709,https://www.kaggle.com/davidfumo,Maputo
697,https://www.kaggle.com/hisuka,Marrakesh
148,https://www.kaggle.com/praveenadepu,Melbourne
509,https://www.kaggle.com/vinhnguyen,Melbourne
833,https://www.kaggle.com/kaggler3346,Melbourne
996,https://www.kaggle.com/wilanw,Melbourne
26,https://www.kaggle.com/gmobaz,Mexico City
327,https://www.kaggle.com/svpons,Miami
284,https://www.kaggle.com/albedan,Milan
318,https://www.kaggle.com/hamelg,Minneapolis
365,https://www.kaggle.com/binilg,Minneapolis
68,https://www.kaggle.com/asanakoev,Minsk
432,https://www.kaggle.com/ybabakhin,Minsk
888,https://www.kaggle.com/vilmar,Minsk
977,https://www.kaggle.com/dimastij,Minsk
44,https://www.kaggle.com/alexxanderlarko,Minusinsk
507,https://www.kaggle.com/luizgh,Montreal
51,https://www.kaggle.com/mathurinache,Montrouge
587,https://www.kaggle.com/guiber,MontrÃ©al
2,https://www.kaggle.com/stasg7,Moscow
6,https://www.kaggle.com/utility,Moscow
10,https://www.kaggle.com/zfturbo,Moscow
67,https://www.kaggle.com/alexryzhkov,Moscow
69,https://www.kaggle.com/aguschin,Moscow
137,https://www.kaggle.com/drn01z3,Moscow
186,https://www.kaggle.com/morandi,Moscow
188,https://www.kaggle.com/alexeylive,Moscow
200,https://www.kaggle.com/ceperaang,Moscow
218,https://www.kaggle.com/mikhailtrofimov,Moscow
259,https://www.kaggle.com/nekrasov,Moscow
274,https://www.kaggle.com/dulyanov,Moscow
304,https://www.kaggle.com/dyakonov,Moscow
326,https://www.kaggle.com/nizhibitsky,Moscow
338,https://www.kaggle.com/kruegger,Moscow
346,https://www.kaggle.com/alanpo,Moscow
347,https://www.kaggle.com/yarreg,Moscow
415,https://www.kaggle.com/andreisun,Moscow
474,https://www.kaggle.com/antklen,Moscow
514,https://www.kaggle.com/rmbashirov,Moscow
525,https://www.kaggle.com/beaverdm,Moscow
589,https://www.kaggle.com/topspin,Moscow
592,https://www.kaggle.com/littus,Moscow
675,https://www.kaggle.com/flashnik,Moscow
730,https://www.kaggle.com/milakov,Moscow
740,https://www.kaggle.com/letfoolsdie,Moscow
883,https://www.kaggle.com/londalemex,Moscow
917,https://www.kaggle.com/dselivanov,Moscow
956,https://www.kaggle.com/tilgasergey,Moscow
968,https://www.kaggle.com/vikulin,Moscow
978,https://www.kaggle.com/smoskvin,Moscow
111,https://www.kaggle.com/mlandry,Mountain View
141,https://www.kaggle.com/lawrencechernin,Mountain View
157,https://www.kaggle.com/aikinogard,Mountain View
557,https://www.kaggle.com/apoorvc,Mountain View
903,https://www.kaggle.com/srgodbole,Mumbai
741,https://www.kaggle.com/niklaskoehler,MÃ¼nchen
567,https://www.kaggle.com/jordangoblet,Namur
408,https://www.kaggle.com/damianmingle,Nashville
759,https://www.kaggle.com/danofer,Netanya
250,https://www.kaggle.com/anupam1924,New Delhi
392,https://www.kaggle.com/mayank14,New Delhi
444,https://www.kaggle.com/nilotpal,New Delhi
502,https://www.kaggle.com/abhilashawasthi,New Delhi
553,https://www.kaggle.com/sidharthkumar,New Delhi
620,https://www.kaggle.com/sauravkaushik8,New Delhi
296,https://www.kaggle.com/cczaixian,New Jersey
400,https://www.kaggle.com/ben519,New Orleans
91,https://www.kaggle.com/rhinodaveb,New York
238,https://www.kaggle.com/lishubin,New York
315,https://www.kaggle.com/williamhau,New York
394,https://www.kaggle.com/weiwunyc,New York
459,https://www.kaggle.com/theyisun,New York
576,https://www.kaggle.com/transcranial,New York
604,https://www.kaggle.com/hugoguh,New York
659,https://www.kaggle.com/taran8727,New York
752,https://www.kaggle.com/chabir,New York
794,https://www.kaggle.com/mortehu,New York
814,https://www.kaggle.com/lzhang57,New York
858,https://www.kaggle.com/apapiu,New York
880,https://www.kaggle.com/longlongjing,New York
81,https://www.kaggle.com/newtohere,New York City  \u0026 Hartfor
625,https://www.kaggle.com/dbroadhead,Northridge
244,https://www.kaggle.com/qingnan,Novena
95,https://www.kaggle.com/nedelko,Novosibirsk
420,https://www.kaggle.com/thequants,Oldenburg
59,https://www.kaggle.com/rsakata,Osaka
506,https://www.kaggle.com/yarmolau,Ottawa
860,https://www.kaggle.com/den3b81,Palermo
303,https://www.kaggle.com/arsenal,Palo Alto
52,https://www.kaggle.com/kelexu,Paris
139,https://www.kaggle.com/antoinemiech,Paris
189,https://www.kaggle.com/sebastienconort,Paris
202,https://www.kaggle.com/colonelcarotte,Paris
209,https://www.kaggle.com/mikhailz,Paris
316,https://www.kaggle.com/jayjay75,Paris
372,https://www.kaggle.com/ericbiernat,Paris
473,https://www.kaggle.com/nsecord,Paris
490,https://www.kaggle.com/hakimi,Paris
494,https://www.kaggle.com/laurae2,Paris
515,https://www.kaggle.com/lethanh,Paris
573,https://www.kaggle.com/mxdbld,Paris
606,https://www.kaggle.com/phansoks,Paris
671,https://www.kaggle.com/cedricgp,Paris
683,https://www.kaggle.com/alexandrearaujo,Paris
689,https://www.kaggle.com/mattsco,Paris
734,https://www.kaggle.com/cavalloni,Paris
995,https://www.kaggle.com/xiaomen,Paris
754,https://www.kaggle.com/regisely,Pelotas
398,https://www.kaggle.com/chuijh,Philadelphia
775,https://www.kaggle.com/tivfrvqhs5,Phoenix
524,https://www.kaggle.com/elenacuoco,Pisa
22,https://www.kaggle.com/jiweiliu,Pittsburgh
851,https://www.kaggle.com/nrcjea001,Port Louis
540,https://www.kaggle.com/amunategui,Portland
976,https://www.kaggle.com/danielyoo,Portland
357,https://www.kaggle.com/pvlima,Porto
871,https://www.kaggle.com/jduffy,Portsmouth
991,https://www.kaggle.com/melgor,Poznan
732,https://www.kaggle.com/maternaj,Praha
217,https://www.kaggle.com/paragkale,Pune
641,https://www.kaggle.com/gopalsharma2001,Pune
678,https://www.kaggle.com/nileshkadam,Pune
693,https://www.kaggle.com/chevli,Pune
954,https://www.kaggle.com/nmud19,Pune
997,https://www.kaggle.com/valadi,Pune
252,https://www.kaggle.com/engenious,Redwood City
708,https://www.kaggle.com/raisefamous,Riga
117,https://www.kaggle.com/paulorzp,Rio de Janeiro
847,https://www.kaggle.com/bguberfain,Rio de Janeiro
907,https://www.kaggle.com/emiliocs,Rio de Janeiro
312,https://www.kaggle.com/sgalib,Rolla
225,https://www.kaggle.com/pietromarinelli,Rome
387,https://www.kaggle.com/steubk,Rome
595,https://www.kaggle.com/remap1,Rotterdam
73,https://www.kaggle.com/mitiau,Saint Petersburg
82,https://www.kaggle.com/albuslaev,Saint Petersburg
374,https://www.kaggle.com/lextal,Saint-Petersburg
805,https://www.kaggle.com/zerrxy,Saint-Petersburg
247,https://www.kaggle.com/creafz,Samara
484,https://www.kaggle.com/threedb,San Diego
725,https://www.kaggle.com/xingzhao,san diego
786,https://www.kaggle.com/brendanborin,San Diego
19,https://www.kaggle.com/mikeskim,San Francisco
24,https://www.kaggle.com/iglovikov,San Francisco
53,https://www.kaggle.com/ivanhoe,San Francisco
145,https://www.kaggle.com/ybwu01,San Francisco
155,https://www.kaggle.com/etherqua,San Francisco
177,https://www.kaggle.com/optimism,San Francisco
213,https://www.kaggle.com/dowakin,San Francisco
570,https://www.kaggle.com/dkaylor,San Francisco
687,https://www.kaggle.com/ginotesei,San Francisco
788,https://www.kaggle.com/nishkgp,San Francisco
957,https://www.kaggle.com/nzabcd,San Francisco
982,https://www.kaggle.com/vrtjso,San Francisco
72,https://www.kaggle.com/dmitrylarko,San Francisco Bay Area
441,https://www.kaggle.com/songgc,San Francisco Bay Area
219,https://www.kaggle.com/dhegde,San Jose
283,https://www.kaggle.com/frankmanbb,San Jose
551,https://www.kaggle.com/phillipadkins,San Jose
852,https://www.kaggle.com/u39kun,San Jose
918,https://www.kaggle.com/arnocandel,San Jose
927,https://www.kaggle.com/bellar,San Jose
265,https://www.kaggle.com/devinanzelmo,San Luis Obispo
64,https://www.kaggle.com/willieliao,San Mateo
685,https://www.kaggle.com/kylinorange,San Mateo
36,https://www.kaggle.com/anlthms,Santa Clara
517,https://www.kaggle.com/rdizzl3,Santa Monica
536,https://www.kaggle.com/gbakie,Sao Paulo
845,https://www.kaggle.com/wleite,Sao Paulo
550,https://www.kaggle.com/bitsofbits,Scottsdale
99,https://www.kaggle.com/skylibrary,Seattle
199,https://www.kaggle.com/davidthaler,Seattle
429,https://www.kaggle.com/adjgiulio,Seattle
994,https://www.kaggle.com/nkhuyu,Seattle
555,https://www.kaggle.com/muhammedazamkhan,Seoul
93,https://www.kaggle.com/blindape,Sevilla
235,https://www.kaggle.com/bowenyuan,Shanghai
931,https://www.kaggle.com/nutastray,Shanghai
822,https://www.kaggle.com/savvok,Shchyolkovo
138,https://www.kaggle.com/chenglongchen,Shenzhen
278,https://www.kaggle.com/hx173149,ShenZhen
909,https://www.kaggle.com/wuxiaohui,Shenzhen
792,https://www.kaggle.com/sveitser,Sheung Wan
288,https://www.kaggle.com/xavierconort,Singapore
469,https://www.kaggle.com/senbong,Singapore
596,https://www.kaggle.com/hengck23,Singapore
947,https://www.kaggle.com/awangntu,Singapore
196,https://www.kaggle.com/yassertabandeh,Sirjan
206,https://www.kaggle.com/stefanstefanov,Sofia
321,https://www.kaggle.com/the1owl,Somewhere in the desert
485,https://www.kaggle.com/chrisw1,St. Louis
280,https://www.kaggle.com/phegde,Stanley
39,https://www.kaggle.com/abhishek,Stavanger
110,https://www.kaggle.com/girmak,Stavanger
906,https://www.kaggle.com/oysteijo,Stavanger
505,https://www.kaggle.com/mfagerlund,Stockholm
628,https://www.kaggle.com/luciusyu,Stockholm
911,https://www.kaggle.com/ricardom,Stockholm
427,https://www.kaggle.com/jandjenter,Sunnyvale
646,https://www.kaggle.com/cpruce,Sunnyvale
986,https://www.kaggle.com/guidotapia,Sydney
0,https://www.kaggle.com/titericz,SÃ£o Francisco
32,https://www.kaggle.com/mariofilho,SÃ£o Paulo
722,https://www.kaggle.com/eduardoli,SÃ£o Paulo
781,https://www.kaggle.com/marcelotromero,SÃ£o Paulo
886,https://www.kaggle.com/euclides,SÃ£o Paulo
257,https://www.kaggle.com/voilin,Taipei
635,https://www.kaggle.com/ryansun,Taipei
714,https://www.kaggle.com/wschin,Taipei
923,https://www.kaggle.com/stegben,Taipei/Kaohsiung
345,https://www.kaggle.com/lzs0047,Tallahassee
590,https://www.kaggle.com/wzfstat,Tallahassee
765,https://www.kaggle.com/telcontar120,Tampa
640,https://www.kaggle.com/prestonite,Tampere
710,https://www.kaggle.com/pinocchio,Tehran
425,https://www.kaggle.com/dremovd,Tel Aviv-Yafo
426,https://www.kaggle.com/cohenziv,Tel Aviv-Yafo
882,https://www.kaggle.com/razgon,Telekgerendas
571,https://www.kaggle.com/stevenknguyen,Tennessee
203,https://www.kaggle.com/bmcinnovo,Texas
739,https://www.kaggle.com/nejumi,Tokorozawa city
97,https://www.kaggle.com/naokazumizuta,Tokyo
239,https://www.kaggle.com/cydonia,Tokyo
246,https://www.kaggle.com/threecourse,Tokyo
287,https://www.kaggle.com/takiba,Tokyo
295,https://www.kaggle.com/keiku322,Tokyo
355,https://www.kaggle.com/pseprop,Tokyo
359,https://www.kaggle.com/fugusuki,Tokyo
434,https://www.kaggle.com/cashfeg,Tokyo
566,https://www.kaggle.com/gingayoshizawa,Tokyo
769,https://www.kaggle.com/tetsurotayama,Tokyo
692,https://www.kaggle.com/newintown,Tomsk
778,https://www.kaggle.com/pgeiger,Toronto
356,https://www.kaggle.com/sionek,Toru?
533,https://www.kaggle.com/toulouse,Toulouse
593,https://www.kaggle.com/zonemercy,Toulouse
762,https://www.kaggle.com/reynaldriviere,Toulouse
159,https://www.kaggle.com/lszhang,United States
761,https://www.kaggle.com/beletecheneke,United States
354,https://www.kaggle.com/mennotaanman,Utrecht
171,https://www.kaggle.com/rwightman,Vancouver
234,https://www.kaggle.com/alekseynp,Vancouver
623,https://www.kaggle.com/trenqualye,Vancouver
669,https://www.kaggle.com/iris2007,Vancouver
836,https://www.kaggle.com/anton79,Vancouver
131,https://www.kaggle.com/lucamassaron,Verona
9,https://www.kaggle.com/raddar,Vilnius
58,https://www.kaggle.com/zadrras,Vilnius
181,https://www.kaggle.com/darthpotato,Vilnius
864,https://www.kaggle.com/szhitansky,Vinnytsia
404,https://www.kaggle.com/ricgama,Viseu
1,https://www.kaggle.com/kazanova,Volos
390,https://www.kaggle.com/gkoundry,Waltham
324,https://www.kaggle.com/arnowaczynski,Warsaw
424,https://www.kaggle.com/robibok,Warsaw
520,https://www.kaggle.com/wrosinski,Warsaw
684,https://www.kaggle.com/tadeusiak,Warsaw
772,https://www.kaggle.com/maciejk,Warsaw
914,https://www.kaggle.com/paweljankiewicz,Warsaw
232,https://www.kaggle.com/mmucha,Warszawa
857,https://www.kaggle.com/rafalposwiata,Warszawa
568,https://www.kaggle.com/agdavis,Washingto
377,https://www.kaggle.com/mingjerli,Washington
727,https://www.kaggle.com/dplavery92,Washington
11,https://www.kaggle.com/speculation,Washington DC
698,https://www.kaggle.com/prakulm,White Plains
50,https://www.kaggle.com/toshik,Yokohama
915,https://www.kaggle.com/kyazuki,Yokohama
755,https://www.kaggle.com/dmaust,Yorba Linda
223,https://www.kaggle.com/flowlight,Zama
308,https://www.kaggle.com/milivojevic,Zug
17,https://www.kaggle.com/psilogram,Zurich
747,https://www.kaggle.com/andrenaef,Zurich
787,https://www.kaggle.com/steelrose,ZÃ¼rich
967,https://www.kaggle.com/dimaquick,ZÃ¼rich
526,https://www.kaggle.com/hhh920406,å¹¿å?å¸ÿ‚
863,https://www.kaggle.com/zhangjb,å¹¿å?å¸ÿ‚
877,https://www.kaggle.com/yelrose,å¹¿å?å¸ÿ‚
784,https://www.kaggle.com/hitszzy,æ·±åÿœ³å?
661,https://www.kaggle.com/namakemono,æ¸?ÿŒ?
531,https://www.kaggle.com/jinliu,çº½çº¦
457,https://www.kaggle.com/linux18,è¥¿å?å¸ÿ‚
583,https://www.kaggle.com/nickycan,ä¸ÿŠæµ·å?
712,https://www.kaggle.com/shinnamashiro,æ­??å¸ÿ‚
648,https://www.kaggle.com/schernov,Ð¡Ð°Ð½Ðº?-?Ðµ?Ðµ?Ð±??Ð³
958,https://www.kaggle.com/yekenot,Ð¡Ð°Ð½Ðº?-?Ðµ?Ðµ?Ð±??Ð³
681,https://www.kaggle.com/lxs0202,å¤©æ´¥å¸ÿ‚
322,https://www.kaggle.com/rekcahd,Ð¢?Ð»Ð°
657,https://www.kaggle.com/dawnbreaker,?¥ä¼¦æ¯ÿ”äºÿš
561,https://www.kaggle.com/mtfall,?¥æÿœ?
649,https://www.kaggle.com/fujisan,?¥æÿœ?
934,https://www.kaggle.com/sfujiwara,?¥æÿœ?
43,https://www.kaggle.com/outrunner,?°åÿŒÿ—
191,https://www.kaggle.com/infinitewing,?°åÿŒÿ—
389,https://www.kaggle.com/itanot,?±äº¬??
656,https://www.kaggle.com/na5hun,?±äº¬??
440,https://www.kaggle.com/whatsname,?¿æ?å¸ÿ‚
306,https://www.kaggle.com/vecxoz,?Ð½ÐµÐ¿?Ð¾Ð¿Ðµ??Ð¾Ð²?Ðº
559,https://www.kaggle.com/fartuk1,?Ð¾Ð»Ð³Ð¾Ð¿??Ð´Ð½?Ð¹
682,https://www.kaggle.com/mifril,?Ð¾Ð²Ð¾?Ð¸Ð±Ð¸??Ðº
27,https://www.kaggle.com/johnpateha,?Ð¾?ÐºÐ²Ð°
57,https://www.kaggle.com/vlarine,?Ð¾?ÐºÐ²Ð°
61,https://www.kaggle.com/thousandvoices,?Ð¾?ÐºÐ²Ð°
106,https://www.kaggle.com/lopuhin,?Ð¾?ÐºÐ²Ð°
163,https://www.kaggle.com/ppleskov,?Ð¾?ÐºÐ²Ð°
165,https://www.kaggle.com/dlabutsky,?Ð¾?ÐºÐ²Ð°
210,https://www.kaggle.com/hitman47,?Ð¾?ÐºÐ²Ð°
380,https://www.kaggle.com/killthekitten,?Ð¾?ÐºÐ²Ð°
381,https://www.kaggle.com/btbpanda,?Ð¾?ÐºÐ²Ð°
445,https://www.kaggle.com/arccosmos,?Ð¾?ÐºÐ²Ð°
501,https://www.kaggle.com/avtoschakov,?Ð¾?ÐºÐ²Ð°
522,https://www.kaggle.com/slonoslon,?Ð¾?ÐºÐ²Ð°
565,https://www.kaggle.com/evgenyeltyshev,?Ð¾?ÐºÐ²Ð°
613,https://www.kaggle.com/venheads,?Ð¾?ÐºÐ²Ð°
624,https://www.kaggle.com/dsalex,?Ð¾?ÐºÐ²Ð°
677,https://www.kaggle.com/justart,?Ð¾?ÐºÐ²Ð°
790,https://www.kaggle.com/churkinnikita,?Ð¾?ÐºÐ²Ð°
800,https://www.kaggle.com/vkassym,?Ð¾?ÐºÐ²Ð°
872,https://www.kaggle.com/nvarganov,?Ð¾?ÐºÐ²Ð°
879,https://www.kaggle.com/ukrainskiydv,?Ð¾?ÐºÐ²Ð°
935,https://www.kaggle.com/kjenia,?Ð¾?ÐºÐ²Ð°
971,https://www.kaggle.com/znyksh,?Ð¾?ÐºÐ²Ð°
981,https://www.kaggle.com/bernadsky,?Ð¾?ÐºÐ²Ð°
987,https://www.kaggle.com/blackbox824,?Ð¾?ÐºÐ²Ð°
542,https://www.kaggle.com/timon88,?Ð¾?Ð¾Ð½ÐµÐ¶
922,https://www.kaggle.com/infdepth,?Ð¾??Ð¸?
370,https://www.kaggle.com/chelovekparohod,?ÐµÐ¹Ð´ÐµÐ»?Ð±Ðµ?Ð³
679,https://www.kaggle.com/andreyg,?Ð¸Ð½?Ðº
717,https://www.kaggle.com/arsenyinfo,?Ð¸Ð½?Ðº
874,https://www.kaggle.com/alexionby,?Ð¸Ð½?Ðº
618,https://www.kaggle.com/kesjien,?Ð¸ÐµÐ²
964,https://www.kaggle.com/antont,?Ð¸Ð¶Ð½Ð¸Ð¹ ?Ð¾Ð²Ð³Ð¾?Ð¾Ð´
891,https://www.kaggle.com/sakvaua,?Ð¸?Ð²
896,https://www.kaggle.com/dimasakovich,?Ð¸?Ð²
23,https://www.kaggle.com/yinpeng,?ÿ—äº¬å?
25,https://www.kaggle.com/p233333,?ÿ—äº¬å?
46,https://www.kaggle.com/plantsgo,?ÿ—äº¬å?
128,https://www.kaggle.com/mgchbot,?ÿ—äº¬å?
167,https://www.kaggle.com/h4211819,?ÿ—äº¬å?
688,https://www.kaggle.com/hhyhhyhy,?ÿ—äº¬å?
703,https://www.kaggle.com/zhoukj,?ÿ—äº¬å?
950,https://www.kaggle.com/arvidzt,?ÿ—äº¬å?
249,https://www.kaggle.com/mzr2017,???å¸ÿ‚
168,https://www.kaggle.com/agavranis,??Î»ö»?
3,https://www.kaggle.com/bestfitting,
8,https://www.kaggle.com/xiaozhouwang,
12,https://www.kaggle.com/shixw125,
14,https://www.kaggle.com/confirm,
15,https://www.kaggle.com/alijs1,
16,https://www.kaggle.com/kylelee,
18,https://www.kaggle.com/danielfg,
20,https://www.kaggle.com/sergeykozub,
21,https://www.kaggle.com/clustifier,
28,https://www.kaggle.com/alexeynoskov,
37,https://www.kaggle.com/bobutis,
40,https://www.kaggle.com/nimashahbazi,
41,https://www.kaggle.com/medial,
42,https://www.kaggle.com/cpmpml,
47,https://www.kaggle.com/qqgeogor,
48,https://www.kaggle.com/jtrotman,
49,https://www.kaggle.com/drknope,
54,https://www.kaggle.com/deeper,
55,https://www.kaggle.com/x0x0w1,
75,https://www.kaggle.com/tunguz,
77,https://www.kaggle.com/tyi2000,
79,https://www.kaggle.com/zhugds,
85,https://www.kaggle.com/onodera,
86,https://www.kaggle.com/ckomaki,
87,https://www.kaggle.com/grt123,
88,https://www.kaggle.com/sasrdw,
90,https://www.kaggle.com/lucienderubempre,
94,https://www.kaggle.com/brandenkmurray,
98,https://www.kaggle.com/tasha75,
101,https://www.kaggle.com/yakazimir,
102,https://www.kaggle.com/godaibo,
103,https://www.kaggle.com/nthanhtam,
104,https://www.kaggle.com/justfor,
105,https://www.kaggle.com/chaiml,
107,https://www.kaggle.com/longint,
116,https://www.kaggle.com/ceshine,
120,https://www.kaggle.com/woshialex,
129,https://www.kaggle.com/dmitriyguller,
130,https://www.kaggle.com/tarobxl,
132,https://www.kaggle.com/rakhlin,
133,https://www.kaggle.com/bochen0909,
134,https://www.kaggle.com/jacobkie,
135,https://www.kaggle.com/datamining2,
142,https://www.kaggle.com/rushter,
143,https://www.kaggle.com/thuyenvn,
151,https://www.kaggle.com/samehif,
152,https://www.kaggle.com/dhammack,
153,https://www.kaggle.com/symyksr,
156,https://www.kaggle.com/romul0212,
158,https://www.kaggle.com/grjhuard,
160,https://www.kaggle.com/yangxulei,
161,https://www.kaggle.com/nhlx5haze,
162,https://www.kaggle.com/yaxuliu,
164,https://www.kaggle.com/irustandi,
166,https://www.kaggle.com/janosk21,
169,https://www.kaggle.com/nigelcarpenter,
170,https://www.kaggle.com/lamdang,
172,https://www.kaggle.com/gmilosev,
174,https://www.kaggle.com/mandelbrot,
176,https://www.kaggle.com/domcastro,
179,https://www.kaggle.com/nagadomi,
180,https://www.kaggle.com/jaydentan,
182,https://www.kaggle.com/liuftvafas,
183,https://www.kaggle.com/panosc,
184,https://www.kaggle.com/weilunwong,
185,https://www.kaggle.com/ryutek,
187,https://www.kaggle.com/jeffhebert,
190,https://www.kaggle.com/paultodo,
192,https://www.kaggle.com/dominique,
194,https://www.kaggle.com/ikolchin,
195,https://www.kaggle.com/badrobot,
197,https://www.kaggle.com/clobber,
201,https://www.kaggle.com/jianminsun,
204,https://www.kaggle.com/jasontam,
205,https://www.kaggle.com/triskelion,
214,https://www.kaggle.com/davidshinn,
216,https://www.kaggle.com/tks0123456789,
222,https://www.kaggle.com/heypeter,
224,https://www.kaggle.com/lujing,
226,https://www.kaggle.com/rsenthil,
227,https://www.kaggle.com/toshif,
228,https://www.kaggle.com/fengari,
229,https://www.kaggle.com/datenkieker,
231,https://www.kaggle.com/marekcygan,
236,https://www.kaggle.com/simongabor,
240,https://www.kaggle.com/coluna,
242,https://www.kaggle.com/niranjanmudhiraj,
243,https://www.kaggle.com/yilihome,
245,https://www.kaggle.com/khanenko,
251,https://www.kaggle.com/markpeng,
255,https://www.kaggle.com/andrekos,
256,https://www.kaggle.com/ironbar,
258,https://www.kaggle.com/beedata,
260,https://www.kaggle.com/datafad,
261,https://www.kaggle.com/mzacks,
267,https://www.kaggle.com/its7171,
268,https://www.kaggle.com/timsalimans,
269,https://www.kaggle.com/dslate,
271,https://www.kaggle.com/tkm2261,
272,https://www.kaggle.com/andland,
273,https://www.kaggle.com/hurlburt,
276,https://www.kaggle.com/yaozhao,
279,https://www.kaggle.com/aymankh,
281,https://www.kaggle.com/vipito,
289,https://www.kaggle.com/daniel89,
290,https://www.kaggle.com/andy101,
291,https://www.kaggle.com/maplewolf,
297,https://www.kaggle.com/scnndl,
299,https://www.kaggle.com/jjjklife,
300,https://www.kaggle.com/zyzzhaoyuzhe,
301,https://www.kaggle.com/iamthep,
307,https://www.kaggle.com/tereka,
309,https://www.kaggle.com/mpearmain,
310,https://www.kaggle.com/j0shua,
313,https://www.kaggle.com/tonyyy,
319,https://www.kaggle.com/danijelk,
323,https://www.kaggle.com/pavel1,
325,https://www.kaggle.com/famousboy,
330,https://www.kaggle.com/weberwu,
331,https://www.kaggle.com/xueerchen,
332,https://www.kaggle.com/junshi,
333,https://www.kaggle.com/weizhezhang,
334,https://www.kaggle.com/pedram,
335,https://www.kaggle.com/kubilai,
341,https://www.kaggle.com/rafalcycon,
342,https://www.kaggle.com/adityakumarsinha,
343,https://www.kaggle.com/liauys,
344,https://www.kaggle.com/outliar,
358,https://www.kaggle.com/btgraham,
361,https://www.kaggle.com/wenzhou,
362,https://www.kaggle.com/zeroblue,
364,https://www.kaggle.com/robwishart,
368,https://www.kaggle.com/leadbest,
369,https://www.kaggle.com/mkliegl,
373,https://www.kaggle.com/ysharma1126,
375,https://www.kaggle.com/datarat,
376,https://www.kaggle.com/renman,
378,https://www.kaggle.com/gdanschin,
379,https://www.kaggle.com/rluethy,
382,https://www.kaggle.com/sh1ngg,
383,https://www.kaggle.com/rafaelmm,
384,https://www.kaggle.com/alexlzzz,
386,https://www.kaggle.com/pureheart,
388,https://www.kaggle.com/langbw,
393,https://www.kaggle.com/adversarial,
395,https://www.kaggle.com/andreasmerentitis,
396,https://www.kaggle.com/nil666,
399,https://www.kaggle.com/telepathize,
403,https://www.kaggle.com/ascending,
405,https://www.kaggle.com/aldente,
406,https://www.kaggle.com/karma86,
409,https://www.kaggle.com/welcomeworld,
410,https://www.kaggle.com/krishnateja614,
411,https://www.kaggle.com/mpekalski,
412,https://www.kaggle.com/smallyellowduck,
413,https://www.kaggle.com/legolace,
416,https://www.kaggle.com/robson,
417,https://www.kaggle.com/marek3000,
419,https://www.kaggle.com/openneuron,
422,https://www.kaggle.com/fernandoprocy,
430,https://www.kaggle.com/kmenou,
431,https://www.kaggle.com/reachkishore,
433,https://www.kaggle.com/laroumagne,
436,https://www.kaggle.com/dougkoch,
437,https://www.kaggle.com/igorkrashenyi,
439,https://www.kaggle.com/drpatrickchan,
442,https://www.kaggle.com/nuszeng,
446,https://www.kaggle.com/lhohoz,
447,https://www.kaggle.com/linchn,
448,https://www.kaggle.com/goodlearn,
449,https://www.kaggle.com/sergeifironov,
450,https://www.kaggle.com/tmwright,
451,https://www.kaggle.com/yglsmith,
452,https://www.kaggle.com/acganesh,
453,https://www.kaggle.com/zhangyuc,
454,https://www.kaggle.com/johnma,
456,https://www.kaggle.com/mokpds,
458,https://www.kaggle.com/wakeup06,
460,https://www.kaggle.com/jsteinhardt,
461,https://www.kaggle.com/hughbzhang,
462,https://www.kaggle.com/ftramer,
463,https://www.kaggle.com/phwang20,
467,https://www.kaggle.com/ainu77,
468,https://www.kaggle.com/shijing,
475,https://www.kaggle.com/alexch,
476,https://www.kaggle.com/anjanaagrawal,
479,https://www.kaggle.com/niwatori,
482,https://www.kaggle.com/anttip,
486,https://www.kaggle.com/china1000,
487,https://www.kaggle.com/kczechowski,
489,https://www.kaggle.com/jpison,
491,https://www.kaggle.com/androidhk,
492,https://www.kaggle.com/citrinitas,
496,https://www.kaggle.com/robertmartin71,
497,https://www.kaggle.com/a11rand0m,
499,https://www.kaggle.com/weeezy,
504,https://www.kaggle.com/ipasechnik,
510,https://www.kaggle.com/pengliu84,
511,https://www.kaggle.com/khyh00,
512,https://www.kaggle.com/ngaude,
513,https://www.kaggle.com/tilii7,
516,https://www.kaggle.com/wallinm1,
518,https://www.kaggle.com/chinta,
519,https://www.kaggle.com/shovkun,
521,https://www.kaggle.com/envymyfieldsmedal,
523,https://www.kaggle.com/menny83,
530,https://www.kaggle.com/soundwaveli00,
534,https://www.kaggle.com/joconnor,
535,https://www.kaggle.com/theanalyticprophet,
537,https://www.kaggle.com/zhanpengfang,
541,https://www.kaggle.com/virilo,
543,https://www.kaggle.com/kailex,
547,https://www.kaggle.com/robertkag,
548,https://www.kaggle.com/kmtbang,
554,https://www.kaggle.com/studentkgl2012,
556,https://www.kaggle.com/felixlaumon,
560,https://www.kaggle.com/tenich,
562,https://www.kaggle.com/sheriytm,
564,https://www.kaggle.com/alfnie,
569,https://www.kaggle.com/bankhv,
574,https://www.kaggle.com/srikiyer,
575,https://www.kaggle.com/chandrad,
577,https://www.kaggle.com/victorsd,
579,https://www.kaggle.com/curlyb,
580,https://www.kaggle.com/epinephelus,
581,https://www.kaggle.com/chonglinsun,
584,https://www.kaggle.com/dixitgaurav,
585,https://www.kaggle.com/mikell,
586,https://www.kaggle.com/de317070,
591,https://www.kaggle.com/romainayres,
594,https://www.kaggle.com/jarfo1,
597,https://www.kaggle.com/jstring,
600,https://www.kaggle.com/ogrellier,
601,https://www.kaggle.com/luckyguy,
605,https://www.kaggle.com/indirection1,
608,https://www.kaggle.com/krishnakesavan,
610,https://www.kaggle.com/pierrenowak,
611,https://www.kaggle.com/philculliton,
614,https://www.kaggle.com/rejulien,
615,https://www.kaggle.com/krashski,
621,https://www.kaggle.com/derkanat,
622,https://www.kaggle.com/pavelgonchar,
626,https://www.kaggle.com/usixuz,
630,https://www.kaggle.com/cirlecircle,
633,https://www.kaggle.com/saketkunwar,
634,https://www.kaggle.com/weimin,
636,https://www.kaggle.com/sorenravn,
638,https://www.kaggle.com/tobycheese,
639,https://www.kaggle.com/musicmilif,
642,https://www.kaggle.com/igoralesey,
645,https://www.kaggle.com/raojx1,
651,https://www.kaggle.com/parkinsonzabelin,
652,https://www.kaggle.com/lnicalo,
653,https://www.kaggle.com/saihttam,
655,https://www.kaggle.com/ktts1031,
664,https://www.kaggle.com/emolson,
665,https://www.kaggle.com/thedoctor46,
666,https://www.kaggle.com/mattvonrohr,
667,https://www.kaggle.com/utah777,
668,https://www.kaggle.com/gooron,
670,https://www.kaggle.com/casalicchio,
672,https://www.kaggle.com/juguangliang,
673,https://www.kaggle.com/antoinemercier,
674,https://www.kaggle.com/jyangdaily,
680,https://www.kaggle.com/johnnystrings,
690,https://www.kaggle.com/mengmengyong,
694,https://www.kaggle.com/atulkum,
696,https://www.kaggle.com/msakai,
699,https://www.kaggle.com/beam2d,
700,https://www.kaggle.com/benjaminbossan,
701,https://www.kaggle.com/aamaia,
704,https://www.kaggle.com/takeshimiyauchi,
705,https://www.kaggle.com/shujisuzuki65,
706,https://www.kaggle.com/paracoccidioid,
707,https://www.kaggle.com/natbel4ml,
713,https://www.kaggle.com/guestwalk,
715,https://www.kaggle.com/grzegorz,
718,https://www.kaggle.com/thenx00,
724,https://www.kaggle.com/pavitrakumar78,
726,https://www.kaggle.com/richardepstein,
728,https://www.kaggle.com/shaironen,
729,https://www.kaggle.com/anbout,
733,https://www.kaggle.com/pathbinder,
735,https://www.kaggle.com/shimva,
736,https://www.kaggle.com/jbm1966,
737,https://www.kaggle.com/florianm,
738,https://www.kaggle.com/fergusoci,
742,https://www.kaggle.com/sergejc,
743,https://www.kaggle.com/vinhkhuc,
745,https://www.kaggle.com/druidh,
748,https://www.kaggle.com/georges,
750,https://www.kaggle.com/vtsing,
757,https://www.kaggle.com/fchollet,
758,https://www.kaggle.com/zaburo,
764,https://www.kaggle.com/sergeevii123,
771,https://www.kaggle.com/CVxTz,
774,https://www.kaggle.com/yukiohnishi,
776,https://www.kaggle.com/wintershw,
777,https://www.kaggle.com/rightfit,
783,https://www.kaggle.com/voglinio,
785,https://www.kaggle.com/udibr1,
791,https://www.kaggle.com/hasanmujtaba,
798,https://www.kaggle.com/sdcskaho,
801,https://www.kaggle.com/codrut,
802,https://www.kaggle.com/stocks,
804,https://www.kaggle.com/massimilianom,
806,https://www.kaggle.com/radustoicescu,
807,https://www.kaggle.com/chedyraissi,
809,https://www.kaggle.com/hartmut,
811,https://www.kaggle.com/mpelko,
812,https://www.kaggle.com/swkeemink,
813,https://www.kaggle.com/martopix,
816,https://www.kaggle.com/henrykmichalewski,
817,https://www.kaggle.com/lantingguo,
818,https://www.kaggle.com/irinaai,
819,https://www.kaggle.com/santyago,
820,https://www.kaggle.com/dvasyukova,
821,https://www.kaggle.com/dragonfly90217,
823,https://www.kaggle.com/pershinmr,
824,https://www.kaggle.com/kg2irq13,
825,https://www.kaggle.com/robfrank26,
826,https://www.kaggle.com/hochthom,
828,https://www.kaggle.com/junwang4,
830,https://www.kaggle.com/bernhard1,
832,https://www.kaggle.com/josefslavicek,
834,https://www.kaggle.com/yuanhuang0122,
835,https://www.kaggle.com/kchen0228,
837,https://www.kaggle.com/longnguyen,
838,https://www.kaggle.com/mandalsubhajit,
840,https://www.kaggle.com/kdziedzic66,
841,https://www.kaggle.com/louis925,
842,https://www.kaggle.com/skyhuang,
843,https://www.kaggle.com/miwanowski,
844,https://www.kaggle.com/paolovigori,
846,https://www.kaggle.com/hl5240,
848,https://www.kaggle.com/soumendra,
854,https://www.kaggle.com/lancerts,
855,https://www.kaggle.com/taffeylewis,
856,https://www.kaggle.com/andr113,
859,https://www.kaggle.com/ivicajovic,
861,https://www.kaggle.com/sefficohen,
867,https://www.kaggle.com/slobo777,
868,https://www.kaggle.com/rjcblah,
869,https://www.kaggle.com/sirguessalot,
875,https://www.kaggle.com/danielkorzekwa,
876,https://www.kaggle.com/bshang,
878,https://www.kaggle.com/extremin,
881,https://www.kaggle.com/behrang,
884,https://www.kaggle.com/russiancube,
887,https://www.kaggle.com/gaddawin,
889,https://www.kaggle.com/michaelhills,
890,https://www.kaggle.com/loweew,
894,https://www.kaggle.com/sdcsicongliu,
899,https://www.kaggle.com/supriyoc,
900,https://www.kaggle.com/manisrivastava,
901,https://www.kaggle.com/zheng11,
908,https://www.kaggle.com/oleksiirenov,
912,https://www.kaggle.com/gpistre,
919,https://www.kaggle.com/baser12333,
920,https://www.kaggle.com/harkmug,
924,https://www.kaggle.com/corroy,
928,https://www.kaggle.com/fangorn,
932,https://www.kaggle.com/yukari17,
936,https://www.kaggle.com/zsaurk,
937,https://www.kaggle.com/sxzircon,
938,https://www.kaggle.com/prith189,
939,https://www.kaggle.com/matlab,
940,https://www.kaggle.com/nemesis2,
943,https://www.kaggle.com/nickmcadden,
945,https://www.kaggle.com/viktxn,
951,https://www.kaggle.com/lisali,
952,https://www.kaggle.com/ikretus,
959,https://www.kaggle.com/narsil,
961,https://www.kaggle.com/noahxiao,
962,https://www.kaggle.com/khattab34,
963,https://www.kaggle.com/omoekan09,
965,https://www.kaggle.com/salkaa,
969,https://www.kaggle.com/ys19931006,
970,https://www.kaggle.com/wenxuanchen,
973,https://www.kaggle.com/jekyllsmith,
974,https://www.kaggle.com/sigint,
975,https://www.kaggle.com/gm1248,
979,https://www.kaggle.com/cbitton,
984,https://www.kaggle.com/sangsulee,
985,https://www.kaggle.com/zhenyangpan,
988,https://www.kaggle.com/cubbeewan,
989,https://www.kaggle.com/alextselikov,
990,https://www.kaggle.com/glazed,
992,https://www.kaggle.com/lianglu,
993,https://www.kaggle.com/hiendang,
998,https://www.kaggle.com/kagg1er,
999,https://www.kaggle.com/maxwell110,
